{
  "questions": [
    {
      "q": "Ποιος τραγουδιστής είναι γνωστός ως 'King of Pop'?",
      "a": [
        "Michael Jackson",
        "Prince",
        "Elvis Presley",
        "Freddie Mercury"
      ],
      "correct": 0,
      "difficulty": "easy"
    },
    {
      "q": "Ποια τραγουδίστρια τραγούδησε το 'Rolling in the Deep'?",
      "a": [
        "Adele",
        "Ariana Grande",
        "Sia",
        "Dua Lipa"
      ],
      "correct": 0,
      "difficulty": "easy"
    },
    {
      "q": "Ποιο συγκρότημα κυκλοφόρησε το 'Abbey Road'?",
      "a": [
        "The Beatles",
        "Queen",
        "The Rolling Stones",
        "Pink Floyd"
      ],
      "correct": 0,
      "difficulty": "medium"
    },
    {
      "q": "Ποιος τραγουδιστής είχε το hit 'Shape of You'?",
      "a": [
        "Ed Sheeran",
        "Shawn Mendes",
        "Bruno Mars",
        "Justin Timberlake"
      ],
      "correct": 0,
      "difficulty": "easy"
    },
    {
      "q": "Ποια τραγουδίστρια έκανε το 'Single Ladies' διάσημο;",
      "a": [
        "Beyoncé",
        "Rihanna",
        "Madonna",
        "Ariana Grande"
      ],
      "correct": 0,
      "difficulty": "easy"
    },
    {
      "q": "Ποιο είναι το ταχύτερο χερσαίο ζώο;",
      "a": [
        "Γαζέλα",
        "Τσίτας",
        "Άλογο",
        "Ελέφαντας"
      ],
      "correct": 1,
      "difficulty": "medium"
    },
    {
      "q": "Ποιο ζώο αλλάζει χρώμα για να καμουφλαριστεί;",
      "a": [
        "Χαμαιλέοντας",
        "Καρχαρίας",
        "Σκίουρος",
        "Καγκουρό"
      ],
      "correct": 0,
      "difficulty": "easy"
    },
    {
      "q": "Ποιο είναι το μεγαλύτερο θηλαστικό;",
      "a": [
        "Γαλάζια φάλαινα",
        "Ελέφαντας",
        "Καμηλοπάρδαλη",
        "Ασβός"
      ],
      "correct": 0,
      "difficulty": "easy"
    },
    {
      "q": "Ποιο πτηνό δεν μπορεί να πετάξει;",
      "a": [
        "Στρουθοκάμηλος",
        "Αλμπατρός",
        "Σπουργίτης",
        "Πελεκάνος"
      ],
      "correct": 0,
      "difficulty": "easy"
    },
    {
      "q": "Ποιο ζώο είναι γνωστό για την εξυπνάδα του και τη χρήση εργαλείων;",
      "a": [
        "Χιμπατζής",
        "Δελφίνι",
        "Ελέφαντας",
        "Λύκος"
      ],
      "correct": 0,
      "difficulty": "medium"
    },
    {
      "q": "Τι έχει κλειδί αλλά δεν ανοίγει πόρτες;",
      "a": [
        "Πιάνο",
        "Κλειδί ποδηλάτου",
        "Σεντόνι",
        "Κουτί"
      ],
      "correct": 0,
      "difficulty": "medium"
    },
    {
      "q": "Τι είναι γεμάτο τρύπες αλλά κρατάει νερό;",
      "a": [
        "Σφουγγάρι",
        "Κουβάς",
        "Πιάτο",
        "Δέρμα"
      ],
      "correct": 0,
      "difficulty": "easy"
    },
    {
      "q": "Ποιο πράγμα μεγαλώνει όσο το αφαιρείς;",
      "a": [
        "Λίθοι",
        "Τρύπα",
        "Χρόνος",
        "Σκιά"
      ],
      "correct": 1,
      "difficulty": "hard"
    },
    {
      "q": "Τι έχει 4 πόδια το πρωί, 2 το μεσημέρι και 3 το βράδυ;",
      "a": [
        "Ο άνθρωπος",
        "Το τραπέζι",
        "Το ποδήλατο",
        "Ένα σκυλί"
      ],
      "correct": 0,
      "difficulty": "hard"
    },
    {
      "q": "Τι έχει κεφάλι αλλά δεν έχει σώμα;",
      "a": [
        "Νόμισμα",
        "Καπέλο",
        "Κουτί",
        "Ποδήλατο"
      ],
      "correct": 0,
      "difficulty": "easy"
    },
    {
      "q": "Ποιος τραγουδιστής είναι γνωστός ως 'King of Pop'? (έκδοση 2)",
      "a": [
        "Prince",
        "Elvis Presley",
        "Michael Jackson",
        "Freddie Mercury"
      ],
      "correct": 2,
      "difficulty": "easy"
    },
    {
      "q": "Ποια τραγουδίστρια τραγούδησε το 'Rolling in the Deep'? (έκδοση 2)",
      "a": [
        "Adele",
        "Dua Lipa",
        "Ariana Grande",
        "Sia"
      ],
      "correct": 0,
      "difficulty": "easy"
    },
    {
      "q": "Ποιο συγκρότημα κυκλοφόρησε το 'Abbey Road'? (έκδοση 2)",
      "a": [
        "The Beatles",
        "Pink Floyd",
        "Queen",
        "The Rolling Stones"
      ],
      "correct": 0,
      "difficulty": "medium"
    },
    {
      "q": "Ποιος τραγουδιστής είχε το hit 'Shape of You'? (έκδοση 2)",
      "a": [
        "Shawn Mendes",
        "Bruno Mars",
        "Justin Timberlake",
        "Ed Sheeran"
      ],
      "correct": 3,
      "difficulty": "easy"
    },
    {
      "q": "Ποια τραγουδίστρια έκανε το 'Single Ladies' διάσημο; (έκδοση 2)",
      "a": [
        "Madonna",
        "Rihanna",
        "Beyoncé",
        "Ariana Grande"
      ],
      "correct": 2,
      "difficulty": "easy"
    },
    {
      "q": "Ποιο είναι το ταχύτερο χερσαίο ζώο; (έκδοση 2)",
      "a": [
        "Ελέφαντας",
        "Τσίτας",
        "Άλογο",
        "Γαζέλα"
      ],
      "correct": 1,
      "difficulty": "medium"
    },
    {
      "q": "Ποιο ζώο αλλάζει χρώμα για να καμουφλαριστεί; (έκδοση 2)",
      "a": [
        "Σκίουρος",
        "Καγκουρό",
        "Χαμαιλέοντας",
        "Καρχαρίας"
      ],
      "correct": 2,
      "difficulty": "easy"
    },
    {
      "q": "Ποιο είναι το μεγαλύτερο θηλαστικό; (έκδοση 2)",
      "a": [
        "Καμηλοπάρδαλη",
        "Ασβός",
        "Γαλάζια φάλαινα",
        "Ελέφαντας"
      ],
      "correct": 2,
      "difficulty": "easy"
    },
    {
      "q": "Ποιο πτηνό δεν μπορεί να πετάξει; (έκδοση 2)",
      "a": [
        "Στρουθοκάμηλος",
        "Αλμπατρός",
        "Πελεκάνος",
        "Σπουργίτης"
      ],
      "correct": 0,
      "difficulty": "easy"
    },
    {
      "q": "Ποιο ζώο είναι γνωστό για την εξυπνάδα του και τη χρήση εργαλείων; (έκδοση 2)",
      "a": [
        "Χιμπατζής",
        "Λύκος",
        "Ελέφαντας",
        "Δελφίνι"
      ],
      "correct": 0,
      "difficulty": "medium"
    },
    {
      "q": "Τι έχει κλειδί αλλά δεν ανοίγει πόρτες; (έκδοση 2)",
      "a": [
        "Πιάνο",
        "Κλειδί ποδηλάτου",
        "Σεντόνι",
        "Κουτί"
      ],
      "correct": 0,
      "difficulty": "medium"
    },
    {
      "q": "Τι είναι γεμάτο τρύπες αλλά κρατάει νερό; (έκδοση 2)",
      "a": [
        "Δέρμα",
        "Σφουγγάρι",
        "Πιάτο",
        "Κουβάς"
      ],
      "correct": 1,
      "difficulty": "easy"
    },
    {
      "q": "Ποιο πράγμα μεγαλώνει όσο το αφαιρείς; (έκδοση 2)",
      "a": [
        "Χρόνος",
        "Λίθοι",
        "Τρύπα",
        "Σκιά"
      ],
      "correct": 2,
      "difficulty": "hard"
    },
    {
      "q": "Τι έχει 4 πόδια το πρωί, 2 το μεσημέρι και 3 το βράδυ; (έκδοση 2)",
      "a": [
        "Το ποδήλατο",
        "Το τραπέζι",
        "Ένα σκυλί",
        "Ο άνθρωπος"
      ],
      "correct": 3,
      "difficulty": "hard"
    },
    {
      "q": "Τι έχει κεφάλι αλλά δεν έχει σώμα; (έκδοση 2)",
      "a": [
        "Κουτί",
        "Καπέλο",
        "Νόμισμα",
        "Ποδήλατο"
      ],
      "correct": 2,
      "difficulty": "easy"
    },
    {
      "q": "Ποιος τραγουδιστής είναι γνωστός ως 'King of Pop'? (έκδοση 3)",
      "a": [
        "Prince",
        "Freddie Mercury",
        "Elvis Presley",
        "Michael Jackson"
      ],
      "correct": 3,
      "difficulty": "easy"
    },
    {
      "q": "Ποια τραγουδίστρια τραγούδησε το 'Rolling in the Deep'? (έκδοση 3)",
      "a": [
        "Sia",
        "Ariana Grande",
        "Adele",
        "Dua Lipa"
      ],
      "correct": 2,
      "difficulty": "easy"
    },
    {
      "q": "Ποιο συγκρότημα κυκλοφόρησε το 'Abbey Road'? (έκδοση 3)",
      "a": [
        "The Rolling Stones",
        "Queen",
        "Pink Floyd",
        "The Beatles"
      ],
      "correct": 3,
      "difficulty": "medium"
    },
    {
      "q": "Ποιος τραγουδιστής είχε το hit 'Shape of You'? (έκδοση 3)",
      "a": [
        "Bruno Mars",
        "Ed Sheeran",
        "Justin Timberlake",
        "Shawn Mendes"
      ],
      "correct": 1,
      "difficulty": "easy"
    },
    {
      "q": "Ποια τραγουδίστρια έκανε το 'Single Ladies' διάσημο; (έκδοση 3)",
      "a": [
        "Rihanna",
        "Ariana Grande",
        "Madonna",
        "Beyoncé"
      ],
      "correct": 3,
      "difficulty": "easy"
    },
    {
      "q": "Ποιο είναι το ταχύτερο χερσαίο ζώο; (έκδοση 3)",
      "a": [
        "Τσίτας",
        "Γαζέλα",
        "Άλογο",
        "Ελέφαντας"
      ],
      "correct": 0,
      "difficulty": "medium"
    },
    {
      "q": "Ποιο ζώο αλλάζει χρώμα για να καμουφλαριστεί; (έκδοση 3)",
      "a": [
        "Καρχαρίας",
        "Σκίουρος",
        "Χαμαιλέοντας",
        "Καγκουρό"
      ],
      "correct": 2,
      "difficulty": "easy"
    },
    {
      "q": "Ποιο είναι το μεγαλύτερο θηλαστικό; (έκδοση 3)",
      "a": [
        "Καμηλοπάρδαλη",
        "Ελέφαντας",
        "Γαλάζια φάλαινα",
        "Ασβός"
      ],
      "correct": 2,
      "difficulty": "easy"
    },
    {
      "q": "Ποιο πτηνό δεν μπορεί να πετάξει; (έκδοση 3)",
      "a": [
        "Στρουθοκάμηλος",
        "Σπουργίτης",
        "Πελεκάνος",
        "Αλμπατρός"
      ],
      "correct": 0,
      "difficulty": "easy"
    },
    {
      "q": "Ποιο ζώο είναι γνωστό για την εξυπνάδα του και τη χρήση εργαλείων; (έκδοση 3)",
      "a": [
        "Ελέφαντας",
        "Χιμπατζής",
        "Δελφίνι",
        "Λύκος"
      ],
      "correct": 1,
      "difficulty": "medium"
    },
    {
      "q": "Τι έχει κλειδί αλλά δεν ανοίγει πόρτες; (έκδοση 3)",
      "a": [
        "Κλειδί ποδηλάτου",
        "Κουτί",
        "Πιάνο",
        "Σεντόνι"
      ],
      "correct": 2,
      "difficulty": "medium"
    },
    {
      "q": "Τι είναι γεμάτο τρύπες αλλά κρατάει νερό; (έκδοση 3)",
      "a": [
        "Σφουγγάρι",
        "Δέρμα",
        "Πιάτο",
        "Κουβάς"
      ],
      "correct": 0,
      "difficulty": "easy"
    },
    {
      "q": "Ποιο πράγμα μεγαλώνει όσο το αφαιρείς; (έκδοση 3)",
      "a": [
        "Λίθοι",
        "Χρόνος",
        "Σκιά",
        "Τρύπα"
      ],
      "correct": 3,
      "difficulty": "hard"
    },
    {
      "q": "Τι έχει 4 πόδια το πρωί, 2 το μεσημέρι και 3 το βράδυ; (έκδοση 3)",
      "a": [
        "Ένα σκυλί",
        "Το ποδήλατο",
        "Ο άνθρωπος",
        "Το τραπέζι"
      ],
      "correct": 2,
      "difficulty": "hard"
    },
    {
      "q": "Τι έχει κεφάλι αλλά δεν έχει σώμα; (έκδοση 3)",
      "a": [
        "Καπέλο",
        "Νόμισμα",
        "Κουτί",
        "Ποδήλατο"
      ],
      "correct": 1,
      "difficulty": "easy"
    },
    {
      "q": "Ποιος τραγουδιστής είναι γνωστός ως 'King of Pop'? (έκδοση 4)",
      "a": [
        "Michael Jackson",
        "Freddie Mercury",
        "Elvis Presley",
        "Prince"
      ],
      "correct": 0,
      "difficulty": "easy"
    },
    {
      "q": "Ποια τραγουδίστρια τραγούδησε το 'Rolling in the Deep'? (έκδοση 4)",
      "a": [
        "Ariana Grande",
        "Adele",
        "Sia",
        "Dua Lipa"
      ],
      "correct": 1,
      "difficulty": "easy"
    },
    {
      "q": "Ποιο συγκρότημα κυκλοφόρησε το 'Abbey Road'? (έκδοση 4)",
      "a": [
        "Queen",
        "The Beatles",
        "Pink Floyd",
        "The Rolling Stones"
      ],
      "correct": 1,
      "difficulty": "medium"
    },
    {
      "q": "Ποιος τραγουδιστής είχε το hit 'Shape of You'? (έκδοση 4)",
      "a": [
        "Bruno Mars",
        "Shawn Mendes",
        "Justin Timberlake",
        "Ed Sheeran"
      ],
      "correct": 3,
      "difficulty": "easy"
    },
    {
      "q": "Ποια τραγουδίστρια έκανε το 'Single Ladies' διάσημο; (έκδοση 4)",
      "a": [
        "Rihanna",
        "Ariana Grande",
        "Madonna",
        "Beyoncé"
      ],
      "correct": 3,
      "difficulty": "easy"
    },
    {
      "q": "Ποιο είναι το ταχύτερο χερσαίο ζώο; (έκδοση 4)",
      "a": [
        "Άλογο",
        "Γαζέλα",
        "Τσίτας",
        "Ελέφαντας"
      ],
      "correct": 2,
      "difficulty": "medium"
    },
    {
      "q": "Ποιο ζώο αλλάζει χρώμα για να καμουφλαριστεί; (έκδοση 4)",
      "a": [
        "Καγκουρό",
        "Σκίουρος",
        "Χαμαιλέοντας",
        "Καρχαρίας"
      ],
      "correct": 2,
      "difficulty": "easy"
    },
    {
      "q": "Ποιο είναι το μεγαλύτερο θηλαστικό; (έκδοση 4)",
      "a": [
        "Ελέφαντας",
        "Ασβός",
        "Καμηλοπάρδαλη",
        "Γαλάζια φάλαινα"
      ],
      "correct": 3,
      "difficulty": "easy"
    },
    {
      "q": "Ποιο πτηνό δεν μπορεί να πετάξει; (έκδοση 4)",
      "a": [
        "Στρουθοκάμηλος",
        "Πελεκάνος",
        "Σπουργίτης",
        "Αλμπατρός"
      ],
      "correct": 0,
      "difficulty": "easy"
    },
    {
      "q": "Ποιο ζώο είναι γνωστό για την εξυπνάδα του και τη χρήση εργαλείων; (έκδοση 4)",
      "a": [
        "Ελέφαντας",
        "Δελφίνι",
        "Χιμπατζής",
        "Λύκος"
      ],
      "correct": 2,
      "difficulty": "medium"
    },
    {
      "q": "Τι έχει κλειδί αλλά δεν ανοίγει πόρτες; (έκδοση 4)",
      "a": [
        "Κουτί",
        "Πιάνο",
        "Κλειδί ποδηλάτου",
        "Σεντόνι"
      ],
      "correct": 1,
      "difficulty": "medium"
    },
    {
      "q": "Τι είναι γεμάτο τρύπες αλλά κρατάει νερό; (έκδοση 4)",
      "a": [
        "Δέρμα",
        "Πιάτο",
        "Σφουγγάρι",
        "Κουβάς"
      ],
      "correct": 2,
      "difficulty": "easy"
    },
    {
      "q": "Ποιο πράγμα μεγαλώνει όσο το αφαιρείς; (έκδοση 4)",
      "a": [
        "Σκιά",
        "Τρύπα",
        "Λίθοι",
        "Χρόνος"
      ],
      "correct": 1,
      "difficulty": "hard"
    },
    {
      "q": "Τι έχει 4 πόδια το πρωί, 2 το μεσημέρι και 3 το βράδυ; (έκδοση 4)",
      "a": [
        "Ένα σκυλί",
        "Ο άνθρωπος",
        "Το τραπέζι",
        "Το ποδήλατο"
      ],
      "correct": 1,
      "difficulty": "hard"
    },
    {
      "q": "Τι έχει κεφάλι αλλά δεν έχει σώμα; (έκδοση 4)",
      "a": [
        "Νόμισμα",
        "Καπέλο",
        "Κουτί",
        "Ποδήλατο"
      ],
      "correct": 0,
      "difficulty": "easy"
    },
    {
      "q": "Ποιος τραγουδιστής είναι γνωστός ως 'King of Pop'? (έκδοση 5)",
      "a": [
        "Michael Jackson",
        "Prince",
        "Freddie Mercury",
        "Elvis Presley"
      ],
      "correct": 0,
      "difficulty": "easy"
    },
    {
      "q": "Ποια τραγουδίστρια τραγούδησε το 'Rolling in the Deep'? (έκδοση 5)",
      "a": [
        "Ariana Grande",
        "Sia",
        "Adele",
        "Dua Lipa"
      ],
      "correct": 2,
      "difficulty": "easy"
    },
    {
      "q": "Ποιο συγκρότημα κυκλοφόρησε το 'Abbey Road'? (έκδοση 5)",
      "a": [
        "The Rolling Stones",
        "The Beatles",
        "Queen",
        "Pink Floyd"
      ],
      "correct": 1,
      "difficulty": "medium"
    },
    {
      "q": "Ποιος τραγουδιστής είχε το hit 'Shape of You'? (έκδοση 5)",
      "a": [
        "Bruno Mars",
        "Ed Sheeran",
        "Shawn Mendes",
        "Justin Timberlake"
      ],
      "correct": 1,
      "difficulty": "easy"
    },
    {
      "q": "Ποια τραγουδίστρια έκανε το 'Single Ladies' διάσημο; (έκδοση 5)",
      "a": [
        "Ariana Grande",
        "Rihanna",
        "Beyoncé",
        "Madonna"
      ],
      "correct": 2,
      "difficulty": "easy"
    },
    {
      "q": "Ποιο είναι το ταχύτερο χερσαίο ζώο; (έκδοση 5)",
      "a": [
        "Άλογο",
        "Ελέφαντας",
        "Τσίτας",
        "Γαζέλα"
      ],
      "correct": 2,
      "difficulty": "medium"
    },
    {
      "q": "Ποιο ζώο αλλάζει χρώμα για να καμουφλαριστεί; (έκδοση 5)",
      "a": [
        "Χαμαιλέοντας",
        "Καρχαρίας",
        "Καγκουρό",
        "Σκίουρος"
      ],
      "correct": 0,
      "difficulty": "easy"
    },
    {
      "q": "Ποιο είναι το μεγαλύτερο θηλαστικό; (έκδοση 5)",
      "a": [
        "Καμηλοπάρδαλη",
        "Ελέφαντας",
        "Γαλάζια φάλαινα",
        "Ασβός"
      ],
      "correct": 2,
      "difficulty": "easy"
    },
    {
      "q": "Ποιο πτηνό δεν μπορεί να πετάξει; (έκδοση 5)",
      "a": [
        "Στρουθοκάμηλος",
        "Σπουργίτης",
        "Αλμπατρός",
        "Πελεκάνος"
      ],
      "correct": 0,
      "difficulty": "easy"
    },
    {
      "q": "Ποιο ζώο είναι γνωστό για την εξυπνάδα του και τη χρήση εργαλείων; (έκδοση 5)",
      "a": [
        "Ελέφαντας",
        "Λύκος",
        "Χιμπατζής",
        "Δελφίνι"
      ],
      "correct": 2,
      "difficulty": "medium"
    },
    {
      "q": "Τι έχει κλειδί αλλά δεν ανοίγει πόρτες; (έκδοση 5)",
      "a": [
        "Κουτί",
        "Πιάνο",
        "Κλειδί ποδηλάτου",
        "Σεντόνι"
      ],
      "correct": 1,
      "difficulty": "medium"
    },
    {
      "q": "Τι είναι γεμάτο τρύπες αλλά κρατάει νερό; (έκδοση 5)",
      "a": [
        "Σφουγγάρι",
        "Πιάτο",
        "Κουβάς",
        "Δέρμα"
      ],
      "correct": 0,
      "difficulty": "easy"
    },
    {
      "q": "Ποιο πράγμα μεγαλώνει όσο το αφαιρείς; (έκδοση 5)",
      "a": [
        "Σκιά",
        "Χρόνος",
        "Λίθοι",
        "Τρύπα"
      ],
      "correct": 3,
      "difficulty": "hard"
    },
    {
      "q": "Τι έχει 4 πόδια το πρωί, 2 το μεσημέρι και 3 το βράδυ; (έκδοση 5)",
      "a": [
        "Το ποδήλατο",
        "Το τραπέζι",
        "Ένα σκυλί",
        "Ο άνθρωπος"
      ],
      "correct": 3,
      "difficulty": "hard"
    },
    {
      "q": "Τι έχει κεφάλι αλλά δεν έχει σώμα; (έκδοση 5)",
      "a": [
        "Κουτί",
        "Καπέλο",
        "Νόμισμα",
        "Ποδήλατο"
      ],
      "correct": 2,
      "difficulty": "easy"
    },
    {
      "q": "Ποιος τραγουδιστής είναι γνωστός ως 'King of Pop'? (έκδοση 6)",
      "a": [
        "Elvis Presley",
        "Michael Jackson",
        "Prince",
        "Freddie Mercury"
      ],
      "correct": 1,
      "difficulty": "easy"
    },
    {
      "q": "Ποια τραγουδίστρια τραγούδησε το 'Rolling in the Deep'? (έκδοση 6)",
      "a": [
        "Adele",
        "Sia",
        "Ariana Grande",
        "Dua Lipa"
      ],
      "correct": 0,
      "difficulty": "easy"
    },
    {
      "q": "Ποιο συγκρότημα κυκλοφόρησε το 'Abbey Road'? (έκδοση 6)",
      "a": [
        "The Beatles",
        "The Rolling Stones",
        "Queen",
        "Pink Floyd"
      ],
      "correct": 0,
      "difficulty": "medium"
    },
    {
      "q": "Ποιος τραγουδιστής είχε το hit 'Shape of You'? (έκδοση 6)",
      "a": [
        "Bruno Mars",
        "Shawn Mendes",
        "Justin Timberlake",
        "Ed Sheeran"
      ],
      "correct": 3,
      "difficulty": "easy"
    },
    {
      "q": "Ποια τραγουδίστρια έκανε το 'Single Ladies' διάσημο; (έκδοση 6)",
      "a": [
        "Madonna",
        "Ariana Grande",
        "Rihanna",
        "Beyoncé"
      ],
      "correct": 3,
      "difficulty": "easy"
    },
    {
      "q": "Ποιο είναι το ταχύτερο χερσαίο ζώο; (έκδοση 6)",
      "a": [
        "Ελέφαντας",
        "Γαζέλα",
        "Τσίτας",
        "Άλογο"
      ],
      "correct": 2,
      "difficulty": "medium"
    },
    {
      "q": "Ποιο ζώο αλλάζει χρώμα για να καμουφλαριστεί; (έκδοση 6)",
      "a": [
        "Καρχαρίας",
        "Χαμαιλέοντας",
        "Σκίουρος",
        "Καγκουρό"
      ],
      "correct": 1,
      "difficulty": "easy"
    },
    {
      "q": "Ποιο είναι το μεγαλύτερο θηλαστικό; (έκδοση 6)",
      "a": [
        "Ασβός",
        "Ελέφαντας",
        "Γαλάζια φάλαινα",
        "Καμηλοπάρδαλη"
      ],
      "correct": 2,
      "difficulty": "easy"
    },
    {
      "q": "Ποιο πτηνό δεν μπορεί να πετάξει; (έκδοση 6)",
      "a": [
        "Στρουθοκάμηλος",
        "Πελεκάνος",
        "Αλμπατρός",
        "Σπουργίτης"
      ],
      "correct": 0,
      "difficulty": "easy"
    },
    {
      "q": "Ποιο ζώο είναι γνωστό για την εξυπνάδα του και τη χρήση εργαλείων; (έκδοση 6)",
      "a": [
        "Δελφίνι",
        "Χιμπατζής",
        "Λύκος",
        "Ελέφαντας"
      ],
      "correct": 1,
      "difficulty": "medium"
    },
    {
      "q": "Τι έχει κλειδί αλλά δεν ανοίγει πόρτες; (έκδοση 6)",
      "a": [
        "Σεντόνι",
        "Κουτί",
        "Κλειδί ποδηλάτου",
        "Πιάνο"
      ],
      "correct": 3,
      "difficulty": "medium"
    },
    {
      "q": "Τι είναι γεμάτο τρύπες αλλά κρατάει νερό; (έκδοση 6)",
      "a": [
        "Κουβάς",
        "Δέρμα",
        "Πιάτο",
        "Σφουγγάρι"
      ],
      "correct": 3,
      "difficulty": "easy"
    },
    {
      "q": "Ποιο πράγμα μεγαλώνει όσο το αφαιρείς; (έκδοση 6)",
      "a": [
        "Τρύπα",
        "Σκιά",
        "Λίθοι",
        "Χρόνος"
      ],
      "correct": 0,
      "difficulty": "hard"
    },
    {
      "q": "Τι έχει 4 πόδια το πρωί, 2 το μεσημέρι και 3 το βράδυ; (έκδοση 6)",
      "a": [
        "Το ποδήλατο",
        "Ο άνθρωπος",
        "Το τραπέζι",
        "Ένα σκυλί"
      ],
      "correct": 1,
      "difficulty": "hard"
    },
    {
      "q": "Τι έχει κεφάλι αλλά δεν έχει σώμα; (έκδοση 6)",
      "a": [
        "Κουτί",
        "Ποδήλατο",
        "Καπέλο",
        "Νόμισμα"
      ],
      "correct": 3,
      "difficulty": "easy"
    },
    {
      "q": "Ποιος τραγουδιστής είναι γνωστός ως 'King of Pop'? (έκδοση 7)",
      "a": [
        "Michael Jackson",
        "Elvis Presley",
        "Prince",
        "Freddie Mercury"
      ],
      "correct": 0,
      "difficulty": "easy"
    },
    {
      "q": "Ποια τραγουδίστρια τραγούδησε το 'Rolling in the Deep'? (έκδοση 7)",
      "a": [
        "Adele",
        "Ariana Grande",
        "Dua Lipa",
        "Sia"
      ],
      "correct": 0,
      "difficulty": "easy"
    },
    {
      "q": "Ποιο συγκρότημα κυκλοφόρησε το 'Abbey Road'? (έκδοση 7)",
      "a": [
        "Queen",
        "The Beatles",
        "The Rolling Stones",
        "Pink Floyd"
      ],
      "correct": 1,
      "difficulty": "medium"
    },
    {
      "q": "Ποιος τραγουδιστής είχε το hit 'Shape of You'? (έκδοση 7)",
      "a": [
        "Justin Timberlake",
        "Bruno Mars",
        "Shawn Mendes",
        "Ed Sheeran"
      ],
      "correct": 3,
      "difficulty": "easy"
    },
    {
      "q": "Ποια τραγουδίστρια έκανε το 'Single Ladies' διάσημο; (έκδοση 7)",
      "a": [
        "Ariana Grande",
        "Madonna",
        "Rihanna",
        "Beyoncé"
      ],
      "correct": 3,
      "difficulty": "easy"
    },
    {
      "q": "Ποιο είναι το ταχύτερο χερσαίο ζώο; (έκδοση 7)",
      "a": [
        "Ελέφαντας",
        "Γαζέλα",
        "Τσίτας",
        "Άλογο"
      ],
      "correct": 2,
      "difficulty": "medium"
    },
    {
      "q": "Ποιο ζώο αλλάζει χρώμα για να καμουφλαριστεί; (έκδοση 7)",
      "a": [
        "Χαμαιλέοντας",
        "Καγκουρό",
        "Σκίουρος",
        "Καρχαρίας"
      ],
      "correct": 0,
      "difficulty": "easy"
    },
    {
      "q": "Ποιο είναι το μεγαλύτερο θηλαστικό; (έκδοση 7)",
      "a": [
        "Καμηλοπάρδαλη",
        "Ελέφαντας",
        "Ασβός",
        "Γαλάζια φάλαινα"
      ],
      "correct": 3,
      "difficulty": "easy"
    },
    {
      "q": "Ποιο πτηνό δεν μπορεί να πετάξει; (έκδοση 7)",
      "a": [
        "Πελεκάνος",
        "Στρουθοκάμηλος",
        "Σπουργίτης",
        "Αλμπατρός"
      ],
      "correct": 1,
      "difficulty": "easy"
    },
    {
      "q": "Ποιο ζώο είναι γνωστό για την εξυπνάδα του και τη χρήση εργαλείων; (έκδοση 7)",
      "a": [
        "Λύκος",
        "Χιμπατζής",
        "Ελέφαντας",
        "Δελφίνι"
      ],
      "correct": 1,
      "difficulty": "medium"
    },
    {
      "q": "Τι έχει κλειδί αλλά δεν ανοίγει πόρτες; (έκδοση 7)",
      "a": [
        "Σεντόνι",
        "Κουτί",
        "Κλειδί ποδηλάτου",
        "Πιάνο"
      ],
      "correct": 3,
      "difficulty": "medium"
    },
    {
      "q": "Τι είναι γεμάτο τρύπες αλλά κρατάει νερό; (έκδοση 7)",
      "a": [
        "Κουβάς",
        "Πιάτο",
        "Δέρμα",
        "Σφουγγάρι"
      ],
      "correct": 3,
      "difficulty": "easy"
    },
    {
      "q": "Ποιο πράγμα μεγαλώνει όσο το αφαιρείς; (έκδοση 7)",
      "a": [
        "Χρόνος",
        "Σκιά",
        "Λίθοι",
        "Τρύπα"
      ],
      "correct": 3,
      "difficulty": "hard"
    },
    {
      "q": "Τι έχει 4 πόδια το πρωί, 2 το μεσημέρι και 3 το βράδυ; (έκδοση 7)",
      "a": [
        "Ο άνθρωπος",
        "Ένα σκυλί",
        "Το ποδήλατο",
        "Το τραπέζι"
      ],
      "correct": 0,
      "difficulty": "hard"
    },
    {
      "q": "Τι έχει κεφάλι αλλά δεν έχει σώμα; (έκδοση 7)",
      "a": [
        "Κουτί",
        "Νόμισμα",
        "Καπέλο",
        "Ποδήλατο"
      ],
      "correct": 1,
      "difficulty": "easy"
    },
    {
      "q": "Ποιος τραγουδιστής είναι γνωστός ως 'King of Pop'? (έκδοση 8)",
      "a": [
        "Prince",
        "Freddie Mercury",
        "Elvis Presley",
        "Michael Jackson"
      ],
      "correct": 3,
      "difficulty": "easy"
    },
    {
      "q": "Ποια τραγουδίστρια τραγούδησε το 'Rolling in the Deep'? (έκδοση 8)",
      "a": [
        "Sia",
        "Dua Lipa",
        "Adele",
        "Ariana Grande"
      ],
      "correct": 2,
      "difficulty": "easy"
    },
    {
      "q": "Ποιο συγκρότημα κυκλοφόρησε το 'Abbey Road'? (έκδοση 8)",
      "a": [
        "Pink Floyd",
        "The Beatles",
        "Queen",
        "The Rolling Stones"
      ],
      "correct": 1,
      "difficulty": "medium"
    },
    {
      "q": "Ποιος τραγουδιστής είχε το hit 'Shape of You'? (έκδοση 8)",
      "a": [
        "Justin Timberlake",
        "Bruno Mars",
        "Shawn Mendes",
        "Ed Sheeran"
      ],
      "correct": 3,
      "difficulty": "easy"
    },
    {
      "q": "Ποια τραγουδίστρια έκανε το 'Single Ladies' διάσημο; (έκδοση 8)",
      "a": [
        "Madonna",
        "Rihanna",
        "Beyoncé",
        "Ariana Grande"
      ],
      "correct": 2,
      "difficulty": "easy"
    },
    {
      "q": "Ποιο είναι το ταχύτερο χερσαίο ζώο; (έκδοση 8)",
      "a": [
        "Άλογο",
        "Τσίτας",
        "Ελέφαντας",
        "Γαζέλα"
      ],
      "correct": 1,
      "difficulty": "medium"
    },
    {
      "q": "Ποιο ζώο αλλάζει χρώμα για να καμουφλαριστεί; (έκδοση 8)",
      "a": [
        "Καρχαρίας",
        "Σκίουρος",
        "Χαμαιλέοντας",
        "Καγκουρό"
      ],
      "correct": 2,
      "difficulty": "easy"
    },
    {
      "q": "Ποιο είναι το μεγαλύτερο θηλαστικό; (έκδοση 8)",
      "a": [
        "Ασβός",
        "Ελέφαντας",
        "Γαλάζια φάλαινα",
        "Καμηλοπάρδαλη"
      ],
      "correct": 2,
      "difficulty": "easy"
    },
    {
      "q": "Ποιο πτηνό δεν μπορεί να πετάξει; (έκδοση 8)",
      "a": [
        "Σπουργίτης",
        "Πελεκάνος",
        "Αλμπατρός",
        "Στρουθοκάμηλος"
      ],
      "correct": 3,
      "difficulty": "easy"
    },
    {
      "q": "Ποιο ζώο είναι γνωστό για την εξυπνάδα του και τη χρήση εργαλείων; (έκδοση 8)",
      "a": [
        "Χιμπατζής",
        "Λύκος",
        "Δελφίνι",
        "Ελέφαντας"
      ],
      "correct": 0,
      "difficulty": "medium"
    },
    {
      "q": "Τι έχει κλειδί αλλά δεν ανοίγει πόρτες; (έκδοση 8)",
      "a": [
        "Σεντόνι",
        "Κλειδί ποδηλάτου",
        "Κουτί",
        "Πιάνο"
      ],
      "correct": 3,
      "difficulty": "medium"
    },
    {
      "q": "Τι είναι γεμάτο τρύπες αλλά κρατάει νερό; (έκδοση 8)",
      "a": [
        "Δέρμα",
        "Κουβάς",
        "Σφουγγάρι",
        "Πιάτο"
      ],
      "correct": 2,
      "difficulty": "easy"
    },
    {
      "q": "Ποιο πράγμα μεγαλώνει όσο το αφαιρείς; (έκδοση 8)",
      "a": [
        "Τρύπα",
        "Σκιά",
        "Λίθοι",
        "Χρόνος"
      ],
      "correct": 0,
      "difficulty": "hard"
    },
    {
      "q": "Τι έχει 4 πόδια το πρωί, 2 το μεσημέρι και 3 το βράδυ; (έκδοση 8)",
      "a": [
        "Ο άνθρωπος",
        "Ένα σκυλί",
        "Το τραπέζι",
        "Το ποδήλατο"
      ],
      "correct": 0,
      "difficulty": "hard"
    },
    {
      "q": "Τι έχει κεφάλι αλλά δεν έχει σώμα; (έκδοση 8)",
      "a": [
        "Νόμισμα",
        "Κουτί",
        "Ποδήλατο",
        "Καπέλο"
      ],
      "correct": 0,
      "difficulty": "easy"
    },
    {
      "q": "Ποιος τραγουδιστής είναι γνωστός ως 'King of Pop'? (έκδοση 9)",
      "a": [
        "Elvis Presley",
        "Michael Jackson",
        "Freddie Mercury",
        "Prince"
      ],
      "correct": 1,
      "difficulty": "easy"
    },
    {
      "q": "Ποια τραγουδίστρια τραγούδησε το 'Rolling in the Deep'? (έκδοση 9)",
      "a": [
        "Adele",
        "Sia",
        "Ariana Grande",
        "Dua Lipa"
      ],
      "correct": 0,
      "difficulty": "easy"
    },
    {
      "q": "Ποιο συγκρότημα κυκλοφόρησε το 'Abbey Road'? (έκδοση 9)",
      "a": [
        "The Rolling Stones",
        "The Beatles",
        "Pink Floyd",
        "Queen"
      ],
      "correct": 1,
      "difficulty": "medium"
    },
    {
      "q": "Ποιος τραγουδιστής είχε το hit 'Shape of You'? (έκδοση 9)",
      "a": [
        "Bruno Mars",
        "Justin Timberlake",
        "Shawn Mendes",
        "Ed Sheeran"
      ],
      "correct": 3,
      "difficulty": "easy"
    },
    {
      "q": "Ποια τραγουδίστρια έκανε το 'Single Ladies' διάσημο; (έκδοση 9)",
      "a": [
        "Ariana Grande",
        "Beyoncé",
        "Madonna",
        "Rihanna"
      ],
      "correct": 1,
      "difficulty": "easy"
    },
    {
      "q": "Ποιο είναι το ταχύτερο χερσαίο ζώο; (έκδοση 9)",
      "a": [
        "Ελέφαντας",
        "Τσίτας",
        "Άλογο",
        "Γαζέλα"
      ],
      "correct": 1,
      "difficulty": "medium"
    },
    {
      "q": "Ποιο ζώο αλλάζει χρώμα για να καμουφλαριστεί; (έκδοση 9)",
      "a": [
        "Σκίουρος",
        "Καγκουρό",
        "Χαμαιλέοντας",
        "Καρχαρίας"
      ],
      "correct": 2,
      "difficulty": "easy"
    },
    {
      "q": "Ποιο είναι το μεγαλύτερο θηλαστικό; (έκδοση 9)",
      "a": [
        "Ελέφαντας",
        "Καμηλοπάρδαλη",
        "Γαλάζια φάλαινα",
        "Ασβός"
      ],
      "correct": 2,
      "difficulty": "easy"
    },
    {
      "q": "Ποιο πτηνό δεν μπορεί να πετάξει; (έκδοση 9)",
      "a": [
        "Πελεκάνος",
        "Αλμπατρός",
        "Στρουθοκάμηλος",
        "Σπουργίτης"
      ],
      "correct": 2,
      "difficulty": "easy"
    },
    {
      "q": "Ποιο ζώο είναι γνωστό για την εξυπνάδα του και τη χρήση εργαλείων; (έκδοση 9)",
      "a": [
        "Δελφίνι",
        "Λύκος",
        "Ελέφαντας",
        "Χιμπατζής"
      ],
      "correct": 3,
      "difficulty": "medium"
    },
    {
      "q": "Τι έχει κλειδί αλλά δεν ανοίγει πόρτες; (έκδοση 9)",
      "a": [
        "Πιάνο",
        "Κλειδί ποδηλάτου",
        "Σεντόνι",
        "Κουτί"
      ],
      "correct": 0,
      "difficulty": "medium"
    },
    {
      "q": "Τι είναι γεμάτο τρύπες αλλά κρατάει νερό; (έκδοση 9)",
      "a": [
        "Πιάτο",
        "Δέρμα",
        "Σφουγγάρι",
        "Κουβάς"
      ],
      "correct": 2,
      "difficulty": "easy"
    },
    {
      "q": "Ποιο πράγμα μεγαλώνει όσο το αφαιρείς; (έκδοση 9)",
      "a": [
        "Χρόνος",
        "Τρύπα",
        "Λίθοι",
        "Σκιά"
      ],
      "correct": 1,
      "difficulty": "hard"
    },
    {
      "q": "Τι έχει 4 πόδια το πρωί, 2 το μεσημέρι και 3 το βράδυ; (έκδοση 9)",
      "a": [
        "Το τραπέζι",
        "Το ποδήλατο",
        "Ο άνθρωπος",
        "Ένα σκυλί"
      ],
      "correct": 2,
      "difficulty": "hard"
    },
    {
      "q": "Τι έχει κεφάλι αλλά δεν έχει σώμα; (έκδοση 9)",
      "a": [
        "Καπέλο",
        "Κουτί",
        "Νόμισμα",
        "Ποδήλατο"
      ],
      "correct": 2,
      "difficulty": "easy"
    },
    {
      "q": "Ποιος τραγουδιστής είναι γνωστός ως 'King of Pop'? (έκδοση 10)",
      "a": [
        "Prince",
        "Michael Jackson",
        "Freddie Mercury",
        "Elvis Presley"
      ],
      "correct": 1,
      "difficulty": "easy"
    },
    {
      "q": "Ποια τραγουδίστρια τραγούδησε το 'Rolling in the Deep'? (έκδοση 10)",
      "a": [
        "Ariana Grande",
        "Sia",
        "Dua Lipa",
        "Adele"
      ],
      "correct": 3,
      "difficulty": "easy"
    },
    {
      "q": "Ποιο συγκρότημα κυκλοφόρησε το 'Abbey Road'? (έκδοση 10)",
      "a": [
        "The Rolling Stones",
        "The Beatles",
        "Pink Floyd",
        "Queen"
      ],
      "correct": 1,
      "difficulty": "medium"
    },
    {
      "q": "Ποιος τραγουδιστής είχε το hit 'Shape of You'? (έκδοση 10)",
      "a": [
        "Bruno Mars",
        "Shawn Mendes",
        "Ed Sheeran",
        "Justin Timberlake"
      ],
      "correct": 2,
      "difficulty": "easy"
    },
    {
      "q": "Ποια τραγουδίστρια έκανε το 'Single Ladies' διάσημο; (έκδοση 10)",
      "a": [
        "Ariana Grande",
        "Beyoncé",
        "Madonna",
        "Rihanna"
      ],
      "correct": 1,
      "difficulty": "easy"
    },
    {
      "q": "Ποιο είναι το ταχύτερο χερσαίο ζώο; (έκδοση 10)",
      "a": [
        "Γαζέλα",
        "Τσίτας",
        "Άλογο",
        "Ελέφαντας"
      ],
      "correct": 1,
      "difficulty": "medium"
    },
    {
      "q": "Ποιο ζώο αλλάζει χρώμα για να καμουφλαριστεί; (έκδοση 10)",
      "a": [
        "Καγκουρό",
        "Καρχαρίας",
        "Χαμαιλέοντας",
        "Σκίουρος"
      ],
      "correct": 2,
      "difficulty": "easy"
    },
    {
      "q": "Ποιο είναι το μεγαλύτερο θηλαστικό; (έκδοση 10)",
      "a": [
        "Γαλάζια φάλαινα",
        "Ασβός",
        "Ελέφαντας",
        "Καμηλοπάρδαλη"
      ],
      "correct": 0,
      "difficulty": "easy"
    },
    {
      "q": "Ποιο πτηνό δεν μπορεί να πετάξει; (έκδοση 10)",
      "a": [
        "Αλμπατρός",
        "Σπουργίτης",
        "Στρουθοκάμηλος",
        "Πελεκάνος"
      ],
      "correct": 2,
      "difficulty": "easy"
    },
    {
      "q": "Ποιο ζώο είναι γνωστό για την εξυπνάδα του και τη χρήση εργαλείων; (έκδοση 10)",
      "a": [
        "Χιμπατζής",
        "Λύκος",
        "Δελφίνι",
        "Ελέφαντας"
      ],
      "correct": 0,
      "difficulty": "medium"
    },
    {
      "q": "Τι έχει κλειδί αλλά δεν ανοίγει πόρτες; (έκδοση 10)",
      "a": [
        "Κλειδί ποδηλάτου",
        "Σεντόνι",
        "Κουτί",
        "Πιάνο"
      ],
      "correct": 3,
      "difficulty": "medium"
    },
    {
      "q": "Τι είναι γεμάτο τρύπες αλλά κρατάει νερό; (έκδοση 10)",
      "a": [
        "Κουβάς",
        "Πιάτο",
        "Δέρμα",
        "Σφουγγάρι"
      ],
      "correct": 3,
      "difficulty": "easy"
    },
    {
      "q": "Ποιο πράγμα μεγαλώνει όσο το αφαιρείς; (έκδοση 10)",
      "a": [
        "Σκιά",
        "Χρόνος",
        "Λίθοι",
        "Τρύπα"
      ],
      "correct": 3,
      "difficulty": "hard"
    },
    {
      "q": "Τι έχει 4 πόδια το πρωί, 2 το μεσημέρι και 3 το βράδυ; (έκδοση 10)",
      "a": [
        "Το τραπέζι",
        "Ο άνθρωπος",
        "Ένα σκυλί",
        "Το ποδήλατο"
      ],
      "correct": 1,
      "difficulty": "hard"
    },
    {
      "q": "Τι έχει κεφάλι αλλά δεν έχει σώμα; (έκδοση 10)",
      "a": [
        "Ποδήλατο",
        "Κουτί",
        "Καπέλο",
        "Νόμισμα"
      ],
      "correct": 3,
      "difficulty": "easy"
    },
    {
      "q": "Ποιος τραγουδιστής είναι γνωστός ως 'King of Pop'? (έκδοση 11)",
      "a": [
        "Freddie Mercury",
        "Prince",
        "Michael Jackson",
        "Elvis Presley"
      ],
      "correct": 2,
      "difficulty": "easy"
    },
    {
      "q": "Ποια τραγουδίστρια τραγούδησε το 'Rolling in the Deep'? (έκδοση 11)",
      "a": [
        "Ariana Grande",
        "Dua Lipa",
        "Adele",
        "Sia"
      ],
      "correct": 2,
      "difficulty": "easy"
    },
    {
      "q": "Ποιο συγκρότημα κυκλοφόρησε το 'Abbey Road'? (έκδοση 11)",
      "a": [
        "Queen",
        "The Rolling Stones",
        "The Beatles",
        "Pink Floyd"
      ],
      "correct": 2,
      "difficulty": "medium"
    },
    {
      "q": "Ποιος τραγουδιστής είχε το hit 'Shape of You'? (έκδοση 11)",
      "a": [
        "Shawn Mendes",
        "Bruno Mars",
        "Ed Sheeran",
        "Justin Timberlake"
      ],
      "correct": 2,
      "difficulty": "easy"
    },
    {
      "q": "Ποια τραγουδίστρια έκανε το 'Single Ladies' διάσημο; (έκδοση 11)",
      "a": [
        "Beyoncé",
        "Rihanna",
        "Ariana Grande",
        "Madonna"
      ],
      "correct": 0,
      "difficulty": "easy"
    },
    {
      "q": "Ποιο είναι το ταχύτερο χερσαίο ζώο; (έκδοση 11)",
      "a": [
        "Γαζέλα",
        "Άλογο",
        "Τσίτας",
        "Ελέφαντας"
      ],
      "correct": 2,
      "difficulty": "medium"
    },
    {
      "q": "Ποιο ζώο αλλάζει χρώμα για να καμουφλαριστεί; (έκδοση 11)",
      "a": [
        "Σκίουρος",
        "Χαμαιλέοντας",
        "Καγκουρό",
        "Καρχαρίας"
      ],
      "correct": 1,
      "difficulty": "easy"
    },
    {
      "q": "Ποιο είναι το μεγαλύτερο θηλαστικό; (έκδοση 11)",
      "a": [
        "Ασβός",
        "Γαλάζια φάλαινα",
        "Καμηλοπάρδαλη",
        "Ελέφαντας"
      ],
      "correct": 1,
      "difficulty": "easy"
    },
    {
      "q": "Ποιο πτηνό δεν μπορεί να πετάξει; (έκδοση 11)",
      "a": [
        "Σπουργίτης",
        "Πελεκάνος",
        "Στρουθοκάμηλος",
        "Αλμπατρός"
      ],
      "correct": 2,
      "difficulty": "easy"
    },
    {
      "q": "Ποιο ζώο είναι γνωστό για την εξυπνάδα του και τη χρήση εργαλείων; (έκδοση 11)",
      "a": [
        "Ελέφαντας",
        "Δελφίνι",
        "Χιμπατζής",
        "Λύκος"
      ],
      "correct": 2,
      "difficulty": "medium"
    },
    {
      "q": "Τι έχει κλειδί αλλά δεν ανοίγει πόρτες; (έκδοση 11)",
      "a": [
        "Κουτί",
        "Σεντόνι",
        "Πιάνο",
        "Κλειδί ποδηλάτου"
      ],
      "correct": 2,
      "difficulty": "medium"
    },
    {
      "q": "Τι είναι γεμάτο τρύπες αλλά κρατάει νερό; (έκδοση 11)",
      "a": [
        "Κουβάς",
        "Πιάτο",
        "Δέρμα",
        "Σφουγγάρι"
      ],
      "correct": 3,
      "difficulty": "easy"
    },
    {
      "q": "Ποιο πράγμα μεγαλώνει όσο το αφαιρείς; (έκδοση 11)",
      "a": [
        "Σκιά",
        "Λίθοι",
        "Χρόνος",
        "Τρύπα"
      ],
      "correct": 3,
      "difficulty": "hard"
    },
    {
      "q": "Τι έχει 4 πόδια το πρωί, 2 το μεσημέρι και 3 το βράδυ; (έκδοση 11)",
      "a": [
        "Το τραπέζι",
        "Ένα σκυλί",
        "Το ποδήλατο",
        "Ο άνθρωπος"
      ],
      "correct": 3,
      "difficulty": "hard"
    },
    {
      "q": "Τι έχει κεφάλι αλλά δεν έχει σώμα; (έκδοση 11)",
      "a": [
        "Καπέλο",
        "Νόμισμα",
        "Ποδήλατο",
        "Κουτί"
      ],
      "correct": 1,
      "difficulty": "easy"
    },
    {
      "q": "Ποιος τραγουδιστής είναι γνωστός ως 'King of Pop'? (έκδοση 12)",
      "a": [
        "Freddie Mercury",
        "Elvis Presley",
        "Michael Jackson",
        "Prince"
      ],
      "correct": 2,
      "difficulty": "easy"
    },
    {
      "q": "Ποια τραγουδίστρια τραγούδησε το 'Rolling in the Deep'? (έκδοση 12)",
      "a": [
        "Sia",
        "Ariana Grande",
        "Adele",
        "Dua Lipa"
      ],
      "correct": 2,
      "difficulty": "easy"
    },
    {
      "q": "Ποιο συγκρότημα κυκλοφόρησε το 'Abbey Road'? (έκδοση 12)",
      "a": [
        "Pink Floyd",
        "The Beatles",
        "Queen",
        "The Rolling Stones"
      ],
      "correct": 1,
      "difficulty": "medium"
    },
    {
      "q": "Ποιος τραγουδιστής είχε το hit 'Shape of You'? (έκδοση 12)",
      "a": [
        "Justin Timberlake",
        "Ed Sheeran",
        "Shawn Mendes",
        "Bruno Mars"
      ],
      "correct": 1,
      "difficulty": "easy"
    },
    {
      "q": "Ποια τραγουδίστρια έκανε το 'Single Ladies' διάσημο; (έκδοση 12)",
      "a": [
        "Beyoncé",
        "Rihanna",
        "Madonna",
        "Ariana Grande"
      ],
      "correct": 0,
      "difficulty": "easy"
    },
    {
      "q": "Ποιο είναι το ταχύτερο χερσαίο ζώο; (έκδοση 12)",
      "a": [
        "Γαζέλα",
        "Τσίτας",
        "Άλογο",
        "Ελέφαντας"
      ],
      "correct": 1,
      "difficulty": "medium"
    },
    {
      "q": "Ποιο ζώο αλλάζει χρώμα για να καμουφλαριστεί; (έκδοση 12)",
      "a": [
        "Καγκουρό",
        "Καρχαρίας",
        "Σκίουρος",
        "Χαμαιλέοντας"
      ],
      "correct": 3,
      "difficulty": "easy"
    },
    {
      "q": "Ποιο είναι το μεγαλύτερο θηλαστικό; (έκδοση 12)",
      "a": [
        "Γαλάζια φάλαινα",
        "Ελέφαντας",
        "Ασβός",
        "Καμηλοπάρδαλη"
      ],
      "correct": 0,
      "difficulty": "easy"
    },
    {
      "q": "Ποιο πτηνό δεν μπορεί να πετάξει; (έκδοση 12)",
      "a": [
        "Αλμπατρός",
        "Σπουργίτης",
        "Στρουθοκάμηλος",
        "Πελεκάνος"
      ],
      "correct": 2,
      "difficulty": "easy"
    },
    {
      "q": "Ποιο ζώο είναι γνωστό για την εξυπνάδα του και τη χρήση εργαλείων; (έκδοση 12)",
      "a": [
        "Λύκος",
        "Ελέφαντας",
        "Χιμπατζής",
        "Δελφίνι"
      ],
      "correct": 2,
      "difficulty": "medium"
    },
    {
      "q": "Τι έχει κλειδί αλλά δεν ανοίγει πόρτες; (έκδοση 12)",
      "a": [
        "Σεντόνι",
        "Πιάνο",
        "Κλειδί ποδηλάτου",
        "Κουτί"
      ],
      "correct": 1,
      "difficulty": "medium"
    },
    {
      "q": "Τι είναι γεμάτο τρύπες αλλά κρατάει νερό; (έκδοση 12)",
      "a": [
        "Πιάτο",
        "Κουβάς",
        "Δέρμα",
        "Σφουγγάρι"
      ],
      "correct": 3,
      "difficulty": "easy"
    },
    {
      "q": "Ποιο πράγμα μεγαλώνει όσο το αφαιρείς; (έκδοση 12)",
      "a": [
        "Λίθοι",
        "Σκιά",
        "Χρόνος",
        "Τρύπα"
      ],
      "correct": 3,
      "difficulty": "hard"
    },
    {
      "q": "Τι έχει 4 πόδια το πρωί, 2 το μεσημέρι και 3 το βράδυ; (έκδοση 12)",
      "a": [
        "Ένα σκυλί",
        "Το τραπέζι",
        "Ο άνθρωπος",
        "Το ποδήλατο"
      ],
      "correct": 2,
      "difficulty": "hard"
    },
    {
      "q": "Τι έχει κεφάλι αλλά δεν έχει σώμα; (έκδοση 12)",
      "a": [
        "Καπέλο",
        "Νόμισμα",
        "Κουτί",
        "Ποδήλατο"
      ],
      "correct": 1,
      "difficulty": "easy"
    },
    {
      "q": "Ποιος τραγουδιστής είναι γνωστός ως 'King of Pop'? (έκδοση 13)",
      "a": [
        "Elvis Presley",
        "Michael Jackson",
        "Prince",
        "Freddie Mercury"
      ],
      "correct": 1,
      "difficulty": "easy"
    },
    {
      "q": "Ποια τραγουδίστρια τραγούδησε το 'Rolling in the Deep'? (έκδοση 13)",
      "a": [
        "Dua Lipa",
        "Adele",
        "Sia",
        "Ariana Grande"
      ],
      "correct": 1,
      "difficulty": "easy"
    },
    {
      "q": "Ποιο συγκρότημα κυκλοφόρησε το 'Abbey Road'? (έκδοση 13)",
      "a": [
        "The Beatles",
        "Queen",
        "The Rolling Stones",
        "Pink Floyd"
      ],
      "correct": 0,
      "difficulty": "medium"
    },
    {
      "q": "Ποιος τραγουδιστής είχε το hit 'Shape of You'? (έκδοση 13)",
      "a": [
        "Justin Timberlake",
        "Ed Sheeran",
        "Bruno Mars",
        "Shawn Mendes"
      ],
      "correct": 1,
      "difficulty": "easy"
    },
    {
      "q": "Ποια τραγουδίστρια έκανε το 'Single Ladies' διάσημο; (έκδοση 13)",
      "a": [
        "Rihanna",
        "Madonna",
        "Beyoncé",
        "Ariana Grande"
      ],
      "correct": 2,
      "difficulty": "easy"
    },
    {
      "q": "Ποιο είναι το ταχύτερο χερσαίο ζώο; (έκδοση 13)",
      "a": [
        "Τσίτας",
        "Γαζέλα",
        "Άλογο",
        "Ελέφαντας"
      ],
      "correct": 0,
      "difficulty": "medium"
    },
    {
      "q": "Ποιο ζώο αλλάζει χρώμα για να καμουφλαριστεί; (έκδοση 13)",
      "a": [
        "Καρχαρίας",
        "Χαμαιλέοντας",
        "Καγκουρό",
        "Σκίουρος"
      ],
      "correct": 1,
      "difficulty": "easy"
    },
    {
      "q": "Ποιο είναι το μεγαλύτερο θηλαστικό; (έκδοση 13)",
      "a": [
        "Ελέφαντας",
        "Γαλάζια φάλαινα",
        "Καμηλοπάρδαλη",
        "Ασβός"
      ],
      "correct": 1,
      "difficulty": "easy"
    },
    {
      "q": "Ποιο πτηνό δεν μπορεί να πετάξει; (έκδοση 13)",
      "a": [
        "Πελεκάνος",
        "Αλμπατρός",
        "Σπουργίτης",
        "Στρουθοκάμηλος"
      ],
      "correct": 3,
      "difficulty": "easy"
    },
    {
      "q": "Ποιο ζώο είναι γνωστό για την εξυπνάδα του και τη χρήση εργαλείων; (έκδοση 13)",
      "a": [
        "Ελέφαντας",
        "Χιμπατζής",
        "Δελφίνι",
        "Λύκος"
      ],
      "correct": 1,
      "difficulty": "medium"
    },
    {
      "q": "Τι έχει κλειδί αλλά δεν ανοίγει πόρτες; (έκδοση 13)",
      "a": [
        "Κουτί",
        "Κλειδί ποδηλάτου",
        "Πιάνο",
        "Σεντόνι"
      ],
      "correct": 2,
      "difficulty": "medium"
    },
    {
      "q": "Τι είναι γεμάτο τρύπες αλλά κρατάει νερό; (έκδοση 13)",
      "a": [
        "Κουβάς",
        "Δέρμα",
        "Πιάτο",
        "Σφουγγάρι"
      ],
      "correct": 3,
      "difficulty": "easy"
    },
    {
      "q": "Ποιο πράγμα μεγαλώνει όσο το αφαιρείς; (έκδοση 13)",
      "a": [
        "Σκιά",
        "Τρύπα",
        "Χρόνος",
        "Λίθοι"
      ],
      "correct": 1,
      "difficulty": "hard"
    },
    {
      "q": "Τι έχει 4 πόδια το πρωί, 2 το μεσημέρι και 3 το βράδυ; (έκδοση 13)",
      "a": [
        "Το τραπέζι",
        "Ένα σκυλί",
        "Ο άνθρωπος",
        "Το ποδήλατο"
      ],
      "correct": 2,
      "difficulty": "hard"
    },
    {
      "q": "Τι έχει κεφάλι αλλά δεν έχει σώμα; (έκδοση 13)",
      "a": [
        "Ποδήλατο",
        "Νόμισμα",
        "Καπέλο",
        "Κουτί"
      ],
      "correct": 1,
      "difficulty": "easy"
    },
    {
      "q": "Ποιος τραγουδιστής είναι γνωστός ως 'King of Pop'? (έκδοση 14)",
      "a": [
        "Elvis Presley",
        "Prince",
        "Michael Jackson",
        "Freddie Mercury"
      ],
      "correct": 2,
      "difficulty": "easy"
    },
    {
      "q": "Ποια τραγουδίστρια τραγούδησε το 'Rolling in the Deep'? (έκδοση 14)",
      "a": [
        "Adele",
        "Dua Lipa",
        "Ariana Grande",
        "Sia"
      ],
      "correct": 0,
      "difficulty": "easy"
    },
    {
      "q": "Ποιο συγκρότημα κυκλοφόρησε το 'Abbey Road'? (έκδοση 14)",
      "a": [
        "Pink Floyd",
        "The Rolling Stones",
        "Queen",
        "The Beatles"
      ],
      "correct": 3,
      "difficulty": "medium"
    },
    {
      "q": "Ποιος τραγουδιστής είχε το hit 'Shape of You'? (έκδοση 14)",
      "a": [
        "Justin Timberlake",
        "Shawn Mendes",
        "Bruno Mars",
        "Ed Sheeran"
      ],
      "correct": 3,
      "difficulty": "easy"
    },
    {
      "q": "Ποια τραγουδίστρια έκανε το 'Single Ladies' διάσημο; (έκδοση 14)",
      "a": [
        "Madonna",
        "Ariana Grande",
        "Rihanna",
        "Beyoncé"
      ],
      "correct": 3,
      "difficulty": "easy"
    },
    {
      "q": "Ποιο είναι το ταχύτερο χερσαίο ζώο; (έκδοση 14)",
      "a": [
        "Ελέφαντας",
        "Άλογο",
        "Γαζέλα",
        "Τσίτας"
      ],
      "correct": 3,
      "difficulty": "medium"
    },
    {
      "q": "Ποιο ζώο αλλάζει χρώμα για να καμουφλαριστεί; (έκδοση 14)",
      "a": [
        "Χαμαιλέοντας",
        "Καγκουρό",
        "Σκίουρος",
        "Καρχαρίας"
      ],
      "correct": 0,
      "difficulty": "easy"
    },
    {
      "q": "Ποιο είναι το μεγαλύτερο θηλαστικό; (έκδοση 14)",
      "a": [
        "Γαλάζια φάλαινα",
        "Ασβός",
        "Καμηλοπάρδαλη",
        "Ελέφαντας"
      ],
      "correct": 0,
      "difficulty": "easy"
    },
    {
      "q": "Ποιο πτηνό δεν μπορεί να πετάξει; (έκδοση 14)",
      "a": [
        "Σπουργίτης",
        "Στρουθοκάμηλος",
        "Πελεκάνος",
        "Αλμπατρός"
      ],
      "correct": 1,
      "difficulty": "easy"
    },
    {
      "q": "Ποιο ζώο είναι γνωστό για την εξυπνάδα του και τη χρήση εργαλείων; (έκδοση 14)",
      "a": [
        "Λύκος",
        "Δελφίνι",
        "Χιμπατζής",
        "Ελέφαντας"
      ],
      "correct": 2,
      "difficulty": "medium"
    },
    {
      "q": "Τι έχει κλειδί αλλά δεν ανοίγει πόρτες; (έκδοση 14)",
      "a": [
        "Κουτί",
        "Σεντόνι",
        "Πιάνο",
        "Κλειδί ποδηλάτου"
      ],
      "correct": 2,
      "difficulty": "medium"
    },
    {
      "q": "Τι είναι γεμάτο τρύπες αλλά κρατάει νερό; (έκδοση 14)",
      "a": [
        "Σφουγγάρι",
        "Κουβάς",
        "Πιάτο",
        "Δέρμα"
      ],
      "correct": 0,
      "difficulty": "easy"
    },
    {
      "q": "Ποιο πράγμα μεγαλώνει όσο το αφαιρείς; (έκδοση 14)",
      "a": [
        "Σκιά",
        "Λίθοι",
        "Τρύπα",
        "Χρόνος"
      ],
      "correct": 2,
      "difficulty": "hard"
    },
    {
      "q": "Τι έχει 4 πόδια το πρωί, 2 το μεσημέρι και 3 το βράδυ; (έκδοση 14)",
      "a": [
        "Ένα σκυλί",
        "Το ποδήλατο",
        "Ο άνθρωπος",
        "Το τραπέζι"
      ],
      "correct": 2,
      "difficulty": "hard"
    },
    {
      "q": "Τι έχει κεφάλι αλλά δεν έχει σώμα; (έκδοση 14)",
      "a": [
        "Ποδήλατο",
        "Καπέλο",
        "Νόμισμα",
        "Κουτί"
      ],
      "correct": 2,
      "difficulty": "easy"
    },
    {
      "q": "Ποιος τραγουδιστής είναι γνωστός ως 'King of Pop'? (έκδοση 15)",
      "a": [
        "Freddie Mercury",
        "Elvis Presley",
        "Michael Jackson",
        "Prince"
      ],
      "correct": 2,
      "difficulty": "easy"
    },
    {
      "q": "Ποια τραγουδίστρια τραγούδησε το 'Rolling in the Deep'? (έκδοση 15)",
      "a": [
        "Dua Lipa",
        "Ariana Grande",
        "Sia",
        "Adele"
      ],
      "correct": 3,
      "difficulty": "easy"
    },
    {
      "q": "Ποιο συγκρότημα κυκλοφόρησε το 'Abbey Road'? (έκδοση 15)",
      "a": [
        "Queen",
        "The Rolling Stones",
        "The Beatles",
        "Pink Floyd"
      ],
      "correct": 2,
      "difficulty": "medium"
    },
    {
      "q": "Ποιος τραγουδιστής είχε το hit 'Shape of You'? (έκδοση 15)",
      "a": [
        "Justin Timberlake",
        "Bruno Mars",
        "Ed Sheeran",
        "Shawn Mendes"
      ],
      "correct": 2,
      "difficulty": "easy"
    },
    {
      "q": "Ποια τραγουδίστρια έκανε το 'Single Ladies' διάσημο; (έκδοση 15)",
      "a": [
        "Rihanna",
        "Madonna",
        "Beyoncé",
        "Ariana Grande"
      ],
      "correct": 2,
      "difficulty": "easy"
    },
    {
      "q": "Ποιο είναι το ταχύτερο χερσαίο ζώο; (έκδοση 15)",
      "a": [
        "Ελέφαντας",
        "Άλογο",
        "Τσίτας",
        "Γαζέλα"
      ],
      "correct": 2,
      "difficulty": "medium"
    },
    {
      "q": "Ποιο ζώο αλλάζει χρώμα για να καμουφλαριστεί; (έκδοση 15)",
      "a": [
        "Καρχαρίας",
        "Χαμαιλέοντας",
        "Σκίουρος",
        "Καγκουρό"
      ],
      "correct": 1,
      "difficulty": "easy"
    },
    {
      "q": "Ποιο είναι το μεγαλύτερο θηλαστικό; (έκδοση 15)",
      "a": [
        "Ελέφαντας",
        "Ασβός",
        "Γαλάζια φάλαινα",
        "Καμηλοπάρδαλη"
      ],
      "correct": 2,
      "difficulty": "easy"
    },
    {
      "q": "Ποιο πτηνό δεν μπορεί να πετάξει; (έκδοση 15)",
      "a": [
        "Στρουθοκάμηλος",
        "Σπουργίτης",
        "Αλμπατρός",
        "Πελεκάνος"
      ],
      "correct": 0,
      "difficulty": "easy"
    },
    {
      "q": "Ποιο ζώο είναι γνωστό για την εξυπνάδα του και τη χρήση εργαλείων; (έκδοση 15)",
      "a": [
        "Δελφίνι",
        "Χιμπατζής",
        "Ελέφαντας",
        "Λύκος"
      ],
      "correct": 1,
      "difficulty": "medium"
    }
  ]
}